Indicator Name,Income Group,Year,Median,Lower Bound,Upper Bound,Count
DTP3 Coverage,High-income countries,2000,94,88.84897748,99.15102252,63
DTP3 Coverage,Low-income countries,2000,70,48.46584133,91.53415867,25
DTP3 Coverage,Lower-middle-income countries,2000,91,76.43180792,105.5681921,49
DTP3 Coverage,Upper-middle-income countries,2000,95.5,84.31459921,106.6854008,53
DTP3 Coverage,High-income countries,2001,95,91.15190855,98.84809145,63
DTP3 Coverage,Low-income countries,2001,71,49.70653372,92.29346628,25
DTP3 Coverage,Lower-middle-income countries,2001,91,79.20974148,102.7902585,49
DTP3 Coverage,Upper-middle-income countries,2001,96.5,85.94241662,107.0575834,53
DTP3 Coverage,High-income countries,2002,95,90.95189186,99.04810814,63
DTP3 Coverage,Low-income countries,2002,65,45.68550629,84.31449371,25
DTP3 Coverage,Lower-middle-income countries,2002,92,82.57956703,101.420433,49
DTP3 Coverage,Upper-middle-income countries,2002,96,84.23299675,107.7670033,53
DTP3 Coverage,High-income countries,2003,96,92.45913915,99.54086085,63
DTP3 Coverage,Low-income countries,2003,72.5,52.68529337,92.31470663,25
DTP3 Coverage,Lower-middle-income countries,2003,90,78.74587992,101.2541201,49
DTP3 Coverage,Upper-middle-income countries,2003,96,85.11947069,106.8805293,53
DTP3 Coverage,High-income countries,2004,95,91.30680679,98.69319321,63
DTP3 Coverage,Low-income countries,2004,73,53.60050799,92.39949201,25
DTP3 Coverage,Lower-middle-income countries,2004,89,77.22477078,100.7752292,49
DTP3 Coverage,Upper-middle-income countries,2004,96,82.9435851,109.0564149,53
DTP3 Coverage,High-income countries,2005,96,92.98763233,99.01236767,63
DTP3 Coverage,Low-income countries,2005,77,59.19763558,94.80236442,25
DTP3 Coverage,Lower-middle-income countries,2005,92.5,80.75199658,104.2480034,49
DTP3 Coverage,Upper-middle-income countries,2005,96,83.3804813,108.6195187,53
DTP3 Coverage,High-income countries,2006,96,92.10036051,99.89963949,63
DTP3 Coverage,Low-income countries,2006,78,60.53007976,95.46992024,25
DTP3 Coverage,Lower-middle-income countries,2006,93,80.41974749,105.5802525,49
DTP3 Coverage,Upper-middle-income countries,2006,95.5,82.93426955,108.0657305,53
DTP3 Coverage,High-income countries,2007,96,87.75252564,104.2474744,63
DTP3 Coverage,Low-income countries,2007,80,62.97735602,97.02264398,25
DTP3 Coverage,Lower-middle-income countries,2007,94,81.83167165,106.1683283,49
DTP3 Coverage,Upper-middle-income countries,2007,96,88.83112892,103.1688711,53
DTP3 Coverage,High-income countries,2008,97,88.80893551,105.1910645,63
DTP3 Coverage,Low-income countries,2008,81,63.69058853,98.30941147,25
DTP3 Coverage,Lower-middle-income countries,2008,90,75.36290475,104.6370952,49
DTP3 Coverage,Upper-middle-income countries,2008,95,86.53367571,103.4663243,53
DTP3 Coverage,High-income countries,2009,96,88.33305531,103.6669447,63
DTP3 Coverage,Low-income countries,2009,82,64.98567723,99.01432277,25
DTP3 Coverage,Lower-middle-income countries,2009,91,78.51446679,103.4855332,49
DTP3 Coverage,Upper-middle-income countries,2009,95,85.98321479,104.0167852,53
DTP3 Coverage,High-income countries,2010,96,88.61442157,103.3855784,63
DTP3 Coverage,Low-income countries,2010,83,66.98976168,99.01023832,25
DTP3 Coverage,Lower-middle-income countries,2010,89.5,76.08946616,102.9105338,49
DTP3 Coverage,Upper-middle-income countries,2010,95,87.58675109,102.4132489,53
DTP3 Coverage,High-income countries,2011,96.5,89.8374026,103.1625974,63
DTP3 Coverage,Low-income countries,2011,84.5,68.12670098,100.873299,25
DTP3 Coverage,Lower-middle-income countries,2011,91,77.83973082,104.1602692,49
DTP3 Coverage,Upper-middle-income countries,2011,95,86.07436789,103.9256321,53
DTP3 Coverage,High-income countries,2012,96,89.55510277,102.4448972,63
DTP3 Coverage,Low-income countries,2012,85,68.56204547,101.4379545,25
DTP3 Coverage,Lower-middle-income countries,2012,92,78.93694223,105.0630578,49
DTP3 Coverage,Upper-middle-income countries,2012,95,85.75816034,104.2418397,53
DTP3 Coverage,High-income countries,2013,96,89.47230711,102.5276929,63
DTP3 Coverage,Low-income countries,2013,84,65.86228165,102.1377184,25
DTP3 Coverage,Lower-middle-income countries,2013,90,75.97723798,104.022762,49
DTP3 Coverage,Upper-middle-income countries,2013,95,86.00438806,103.9956119,53
DTP3 Coverage,High-income countries,2014,96,89.28139267,102.7186073,63
DTP3 Coverage,Low-income countries,2014,83,65.21073176,100.7892682,25
DTP3 Coverage,Lower-middle-income countries,2014,88,72.41146091,103.5885391,49
DTP3 Coverage,Upper-middle-income countries,2014,94.5,85.30740675,103.6925933,53
DTP3 Coverage,High-income countries,2015,96,93.25168292,98.74831708,63
DTP3 Coverage,Low-income countries,2015,84,66.25951717,101.7404828,25
DTP3 Coverage,Lower-middle-income countries,2015,89,73.11715082,104.8828492,49
DTP3 Coverage,Upper-middle-income countries,2015,94,82.75908148,105.2409185,53
DTP3 Coverage,High-income countries,2016,96,92.99405751,99.00594249,63
DTP3 Coverage,Low-income countries,2016,82,64.49497768,99.50502232,25
DTP3 Coverage,Lower-middle-income countries,2016,90,73.72139622,106.2786038,49
DTP3 Coverage,Upper-middle-income countries,2016,93,83.58667039,102.4133296,53
DTP3 Coverage,High-income countries,2017,96,92.3342959,99.6657041,63
DTP3 Coverage,Low-income countries,2017,82,64.88905865,99.11094135,25
DTP3 Coverage,Lower-middle-income countries,2017,89,74.97631873,103.0236813,49
DTP3 Coverage,Upper-middle-income countries,2017,91,81.00377176,100.9962282,53
DTP3 Coverage,High-income countries,2018,96,92.68158098,99.31841902,63
DTP3 Coverage,Low-income countries,2018,81,63.93762235,98.06237765,25
DTP3 Coverage,Lower-middle-income countries,2018,89.5,77.18346228,101.8165377,49
DTP3 Coverage,Upper-middle-income countries,2018,92.5,81.398464,103.601536,53
DTP3 Coverage,High-income countries,2019,96,92.65386638,99.34613362,63
DTP3 Coverage,Low-income countries,2019,78,60.86585813,95.13414187,25
DTP3 Coverage,Lower-middle-income countries,2019,90,77.84751782,102.1524822,49
DTP3 Coverage,Upper-middle-income countries,2019,92,81.91420452,102.0857955,53
DTP3 Coverage,High-income countries,2020,96,92.16742952,99.83257048,63
DTP3 Coverage,Low-income countries,2020,71,54.82230088,87.17769912,25
DTP3 Coverage,Lower-middle-income countries,2020,84,71.47122111,96.52877889,49
DTP3 Coverage,Upper-middle-income countries,2020,88,75.71457021,100.2854298,53
DTP3 Coverage,High-income countries,2021,95,90.81333896,99.18666104,63
DTP3 Coverage,Low-income countries,2021,73,56.20419081,89.79580919,25
DTP3 Coverage,Lower-middle-income countries,2021,85,68.99594119,101.0040588,49
DTP3 Coverage,Upper-middle-income countries,2021,88,77.39800312,98.60199688,53
DTP3 Coverage,High-income countries,2022,96,91.74374322,100.2562568,63
DTP3 Coverage,Low-income countries,2022,77,60.78903505,93.21096495,25
DTP3 Coverage,Lower-middle-income countries,2022,87,72.14846086,101.8515391,49
DTP3 Coverage,Upper-middle-income countries,2022,88,77.20406328,98.79593672,53
DTP3 Coverage,High-income countries,2023,95.5,90.30003254,100.6999675,63
DTP3 Coverage,Low-income countries,2023,74.5,58.44868805,90.55131195,25
DTP3 Coverage,Lower-middle-income countries,2023,85.5,71.6294027,99.3705973,49
DTP3 Coverage,Upper-middle-income countries,2023,90,78.43178244,101.5682176,53
DTP3 Coverage,High-income countries,2024,96,90.83820407,101.1617959,63
DTP3 Coverage,Low-income countries,2024,80,62.43583193,97.56416807,25
DTP3 Coverage,Lower-middle-income countries,2024,85,71.25295332,98.74704668,49
DTP3 Coverage,Upper-middle-income countries,2024,91,80.28966968,101.7103303,53
ANC4 Coverage,High-income countries,2000,95.7,90.60883118,100.7911688,39
ANC4 Coverage,Low-income countries,2000,50.1,21.63562851,78.56437149,25
ANC4 Coverage,Lower-middle-income countries,2000,69.05,51.9269996,86.1730004,49
ANC4 Coverage,Upper-middle-income countries,2000,82.5,70.84828462,94.15171538,51
ANC4 Coverage,High-income countries,2001,98.8,95.05967916,102.5403208,39
ANC4 Coverage,Low-income countries,2001,34.35,13.26477347,55.43522653,25
ANC4 Coverage,Lower-middle-income countries,2001,42.1,37.1,47.1,49
ANC4 Coverage,Upper-middle-income countries,2001,89.6,70.00368626,109.1963137,51
ANC4 Coverage,High-income countries,2002,96.6,81.81521052,111.3847895,39
ANC4 Coverage,Low-income countries,2002,51.1,31.92408194,70.27591806,25
ANC4 Coverage,Lower-middle-income countries,2002,86.68875568,51.11289136,122.26462,49
ANC4 Coverage,Upper-middle-income countries,2002,94,88.18421688,99.81578312,51
ANC4 Coverage,High-income countries,2003,97.9,85.69431826,110.1056817,39
ANC4 Coverage,Low-income countries,2003,49.85,30.28282632,69.41717368,25
ANC4 Coverage,Lower-middle-income countries,2003,60.6,49.02118158,72.17881842,49
ANC4 Coverage,Upper-middle-income countries,2003,95.5,89.84933632,101.1506637,51
ANC4 Coverage,High-income countries,2004,96.9,88.41902128,105.3809787,39
ANC4 Coverage,Low-income countries,2004,57,31.64588572,82.35411428,25
ANC4 Coverage,Lower-middle-income countries,2004,76,55.06808497,96.93191503,49
ANC4 Coverage,Upper-middle-income countries,2004,96,91.32845493,100.6715451,51
ANC4 Coverage,High-income countries,2005,97.75,85.98132689,109.5186731,39
ANC4 Coverage,Low-income countries,2005,39.8,21.38732321,58.21267679,25
ANC4 Coverage,Lower-middle-income countries,2005,74.85,63.75296437,85.94703563,49
ANC4 Coverage,Upper-middle-income countries,2005,92.75,88.46747738,97.03252262,51
ANC4 Coverage,High-income countries,2006,96.8,91.58197568,102.0180243,39
ANC4 Coverage,Low-income countries,2006,42.1,21.69045703,62.50954297,25
ANC4 Coverage,Lower-middle-income countries,2006,68,51.84103964,84.15896036,49
ANC4 Coverage,Upper-middle-income countries,2006,87.96961265,83.56032092,92.37890438,51
ANC4 Coverage,High-income countries,2007,97.15,92.03801171,102.2619883,39
ANC4 Coverage,Low-income countries,2007,55.3,36.90475907,73.69524093,25
ANC4 Coverage,Lower-middle-income countries,2007,78.5,69.24098637,87.75901363,49
ANC4 Coverage,Upper-middle-income countries,2007,88.78202632,79.77989091,97.78416173,51
ANC4 Coverage,High-income countries,2008,95.25,88.91440096,101.585599,39
ANC4 Coverage,Low-income countries,2008,52.7,30.33866805,75.06133195,25
ANC4 Coverage,Lower-middle-income countries,2008,71.95,56.78125865,87.11874135,49
ANC4 Coverage,Upper-middle-income countries,2008,89.37102622,82.17466054,96.5673919,51
ANC4 Coverage,High-income countries,2009,95.25,89.60198515,100.8980149,39
ANC4 Coverage,Low-income countries,2009,60.9,40.91283745,80.88716255,25
ANC4 Coverage,Lower-middle-income countries,2009,72.4,62.01895959,82.78104041,49
ANC4 Coverage,Upper-middle-income countries,2009,91.1,80.12141231,102.0785877,51
ANC4 Coverage,High-income countries,2010,96.1,90.69467642,101.5053236,39
ANC4 Coverage,Low-income countries,2010,43.3,25.46594199,61.13405801,25
ANC4 Coverage,Lower-middle-income countries,2010,81.4,69.04088853,93.75911147,49
ANC4 Coverage,Upper-middle-income countries,2010,91.1,81.04637594,101.1536241,51
ANC4 Coverage,High-income countries,2011,95.045,87.05145161,103.0385484,39
ANC4 Coverage,Low-income countries,2011,48,30.0720141,65.9279859,25
ANC4 Coverage,Lower-middle-income countries,2011,66.45,51.86040375,81.03959625,49
ANC4 Coverage,Upper-middle-income countries,2011,89.10245434,74.54379,103.6611187,51
ANC4 Coverage,High-income countries,2012,94.9,89.05221449,100.7477855,39
ANC4 Coverage,Low-income countries,2012,54.55,32.38711275,76.71288725,25
ANC4 Coverage,Lower-middle-income countries,2012,81.5,56.95523041,106.0447696,49
ANC4 Coverage,Upper-middle-income countries,2012,90.05,79.53140314,100.5685969,51
ANC4 Coverage,High-income countries,2013,96.3,89.52932287,103.0706771,39
ANC4 Coverage,Low-income countries,2013,51.1,26.97923242,75.22076758,25
ANC4 Coverage,Lower-middle-income countries,2013,74.9,52.58137492,97.21862508,49
ANC4 Coverage,Upper-middle-income countries,2013,87.9,76.75305288,99.04694712,51
ANC4 Coverage,High-income countries,2014,96.6,89.5215457,103.6784543,39
ANC4 Coverage,Low-income countries,2014,57.95,41.33432801,74.56567199,25
ANC4 Coverage,Lower-middle-income countries,2014,74.4,55.86419295,92.93580705,49
ANC4 Coverage,Upper-middle-income countries,2014,90.08576776,82.15342284,98.01811268,51
ANC4 Coverage,High-income countries,2015,96.1,84.94599814,107.2540019,39
ANC4 Coverage,Low-income countries,2015,43.9,28.08841845,59.71158155,25
ANC4 Coverage,Lower-middle-income countries,2015,74,64.5803692,83.4196308,49
ANC4 Coverage,Upper-middle-income countries,2015,91.93286693,86.14799086,97.717743,51
ANC4 Coverage,High-income countries,2016,96.3,88.78559535,103.8144047,39
ANC4 Coverage,Low-income countries,2016,52.2,38.00533928,66.39466072,25
ANC4 Coverage,Lower-middle-income countries,2016,71.55,54.09351092,89.00648908,49
ANC4 Coverage,Upper-middle-income countries,2016,90.8,77.34613547,104.2538645,51
ANC4 Coverage,High-income countries,2017,96.25,87.47379656,105.0262034,39
ANC4 Coverage,Low-income countries,2017,62.2,41.08153783,83.31846217,25
ANC4 Coverage,Lower-middle-income countries,2017,79.15,64.36622135,93.93377865,49
ANC4 Coverage,Upper-middle-income countries,2017,84.7,72.02427238,97.37572762,51
ANC4 Coverage,High-income countries,2018,96.9,90.68043173,103.1195683,39
ANC4 Coverage,Low-income countries,2018,43.1,27.42290114,58.77709886,25
ANC4 Coverage,Lower-middle-income countries,2018,77.35,61.5738207,93.1261793,49
ANC4 Coverage,Upper-middle-income countries,2018,83.65,71.33398659,95.96601341,51
ANC4 Coverage,High-income countries,2019,95.8,83.90059455,107.6994054,39
ANC4 Coverage,Low-income countries,2019,51,29.91785247,72.08214753,25
ANC4 Coverage,Lower-middle-income countries,2019,69.8,54.91156729,84.68843271,49
ANC4 Coverage,Upper-middle-income countries,2019,91.3,85.4484996,97.1515004,51
ANC4 Coverage,High-income countries,2020,95.7,83.76572363,107.6342764,39
ANC4 Coverage,Low-income countries,2020,53.25,33.85471799,72.64528201,25
ANC4 Coverage,Lower-middle-income countries,2020,70.9,56.94082142,84.85917858,49
ANC4 Coverage,Upper-middle-income countries,2020,86.5,76.791194,96.208806,51
ANC4 Coverage,High-income countries,2021,96.65,85.54313275,107.7568672,39
ANC4 Coverage,Low-income countries,2021,44.7,31.22496135,58.17503865,25
ANC4 Coverage,Lower-middle-income countries,2021,76.25,57.72014694,94.77985306,49
ANC4 Coverage,Upper-middle-income countries,2021,87.6,79.33688493,95.86311507,51
ANC4 Coverage,High-income countries,2022,95.1,88.66422687,101.5357731,39
ANC4 Coverage,Low-income countries,2022,51.95,18.22628184,85.67371816,25
ANC4 Coverage,Lower-middle-income countries,2022,72.3,55.17921463,89.42078537,49
ANC4 Coverage,Upper-middle-income countries,2022,89.8,71.03091162,108.5690884,51
ANC4 Coverage,High-income countries,2023,97.7,80.18016189,115.2198381,39
ANC4 Coverage,Low-income countries,2023,33.4,23.57231801,43.22768199,25
ANC4 Coverage,Lower-middle-income countries,2023,71.6,55.67770003,87.52229997,49
ANC4 Coverage,Upper-middle-income countries,2023,88.5,75.10331254,101.8966875,51
ANC4 Coverage,Low-income countries,2024,48.1,43.5745166,52.6254834,25
ANC4 Coverage,Lower-middle-income countries,2024,71,55.72855606,86.27144394,49
UHC (Overall),High-income countries,2000,77,72.15355925,81.84644075,63
UHC (Overall),Low-income countries,2000,28,11.47192802,44.52807198,25
UHC (Overall),Lower-middle-income countries,2000,62,49.79858796,74.20141204,50
UHC (Overall),Upper-middle-income countries,2000,69.5,60.73321574,78.26678426,53
UHC (Overall),High-income countries,2001,77,72.33542518,81.66457482,63
UHC (Overall),Low-income countries,2001,27,10.64267734,43.35732266,25
UHC (Overall),Lower-middle-income countries,2001,63,53.04736708,72.95263292,50
UHC (Overall),Upper-middle-income countries,2001,69.5,61.02943652,77.97056348,53
UHC (Overall),High-income countries,2002,77,72.62942532,81.37057468,63
UHC (Overall),Low-income countries,2002,27,11.15163621,42.84836379,25
UHC (Overall),Lower-middle-income countries,2002,64,54.28273423,73.71726577,50
UHC (Overall),Upper-middle-income countries,2002,69,60.48966473,77.51033527,53
UHC (Overall),High-income countries,2003,78,73.39034349,82.60965651,63
UHC (Overall),Low-income countries,2003,27,11.57225549,42.42774451,25
UHC (Overall),Lower-middle-income countries,2003,64,54.31975875,73.68024125,50
UHC (Overall),Upper-middle-income countries,2003,70,61.79018456,78.20981544,53
UHC (Overall),High-income countries,2004,78,73.66905495,82.33094505,63
UHC (Overall),Low-income countries,2004,28,12.29609898,43.70390102,25
UHC (Overall),Lower-middle-income countries,2004,65,54.30557027,75.69442973,50
UHC (Overall),Upper-middle-income countries,2004,70,59.23866615,80.76133385,53
UHC (Overall),High-income countries,2005,79,74.65111273,83.34888727,63
UHC (Overall),Low-income countries,2005,29,13.97972486,44.02027514,25
UHC (Overall),Lower-middle-income countries,2005,64,51.49290928,76.50709072,50
UHC (Overall),Upper-middle-income countries,2005,70,59.73518795,80.26481205,53
UHC (Overall),High-income countries,2006,79,74.57778049,83.42221951,63
UHC (Overall),Low-income countries,2006,31,16.62199107,45.37800893,25
UHC (Overall),Lower-middle-income countries,2006,63,51.0475972,74.9524028,50
UHC (Overall),Upper-middle-income countries,2006,70.5,61.0347833,79.9652167,53
UHC (Overall),High-income countries,2007,79,71.16326277,86.83673723,63
UHC (Overall),Low-income countries,2007,35,21.10305789,48.89694211,25
UHC (Overall),Lower-middle-income countries,2007,62.5,50.00406076,74.99593924,50
UHC (Overall),Upper-middle-income countries,2007,70,63.70549583,76.29450417,53
UHC (Overall),High-income countries,2008,79,71.38858269,86.61141731,63
UHC (Overall),Low-income countries,2008,36,21.58524504,50.41475496,25
UHC (Overall),Lower-middle-income countries,2008,61.5,47.30867235,75.69132765,50
UHC (Overall),Upper-middle-income countries,2008,70,63.25455286,76.74544714,53
UHC (Overall),High-income countries,2009,79,71.40687744,86.59312256,63
UHC (Overall),Low-income countries,2009,36.5,24.35200766,48.64799234,25
UHC (Overall),Lower-middle-income countries,2009,63,48.70312365,77.29687635,50
UHC (Overall),Upper-middle-income countries,2009,70,62.77872173,77.22127827,53
UHC (Overall),High-income countries,2010,80,72.30072006,87.69927994,63
UHC (Overall),Low-income countries,2010,37,24.5347879,49.4652121,25
UHC (Overall),Lower-middle-income countries,2010,58,43.84161264,72.15838736,50
UHC (Overall),Upper-middle-income countries,2010,71,64.06146355,77.93853645,53
UHC (Overall),High-income countries,2011,81,73.19565793,88.80434207,63
UHC (Overall),Low-income countries,2011,38,26.11496873,49.88503127,25
UHC (Overall),Lower-middle-income countries,2011,59,45.5663486,72.4336514,50
UHC (Overall),Upper-middle-income countries,2011,72,63.7664709,80.2335291,53
UHC (Overall),High-income countries,2012,81,74.03051384,87.96948616,63
UHC (Overall),Low-income countries,2012,39,26.8416532,51.1583468,25
UHC (Overall),Lower-middle-income countries,2012,58,44.68703761,71.31296239,50
UHC (Overall),Upper-middle-income countries,2012,71.5,63.2666586,79.7333414,53
UHC (Overall),High-income countries,2013,82,75.07748513,88.92251487,63
UHC (Overall),Low-income countries,2013,39.5,27.92350867,51.07649133,25
UHC (Overall),Lower-middle-income countries,2013,58,44.39646655,71.60353345,50
UHC (Overall),Upper-middle-income countries,2013,72,63.72595514,80.27404486,53
UHC (Overall),High-income countries,2014,82,75.25759947,88.74240053,63
UHC (Overall),Low-income countries,2014,39,28.49746574,49.50253426,25
UHC (Overall),Lower-middle-income countries,2014,58.5,45.38261786,71.61738214,50
UHC (Overall),Upper-middle-income countries,2014,72,63.68432489,80.31567511,53
UHC (Overall),High-income countries,2015,82,76.64170142,87.35829858,63
UHC (Overall),Low-income countries,2015,41,30.72674419,51.27325581,25
UHC (Overall),Lower-middle-income countries,2015,61,48.36643127,73.63356873,50
UHC (Overall),Upper-middle-income countries,2015,74,65.15616214,82.84383786,53
UHC (Overall),High-income countries,2016,83,78.97022864,87.02977136,63
UHC (Overall),Low-income countries,2016,41,30.28642706,51.71357294,25
UHC (Overall),Lower-middle-income countries,2016,61.5,48.60069161,74.39930839,50
UHC (Overall),Upper-middle-income countries,2016,74,65.89226582,82.10773418,53
UHC (Overall),High-income countries,2017,82.5,78.2418453,86.7581547,63
UHC (Overall),Low-income countries,2017,43,30.84895272,55.15104728,25
UHC (Overall),Lower-middle-income countries,2017,60,47.51447215,72.48552785,50
UHC (Overall),Upper-middle-income countries,2017,72,63.822343,80.177657,53
UHC (Overall),High-income countries,2018,82,77.43880374,86.56119626,63
UHC (Overall),Low-income countries,2018,42,29.7314985,54.2685015,25
UHC (Overall),Lower-middle-income countries,2018,56,44.09139025,67.90860975,50
UHC (Overall),Upper-middle-income countries,2018,71,62.83651617,79.16348383,53
UHC (Overall),High-income countries,2019,82,76.61171495,87.38828505,63
UHC (Overall),Low-income countries,2019,42,29.47406631,54.52593369,25
UHC (Overall),Lower-middle-income countries,2019,56,43.80396518,68.19603482,50
UHC (Overall),Upper-middle-income countries,2019,71.5,63.19459607,79.80540393,53
UHC (Overall),High-income countries,2020,83,77.63663686,88.36336314,63
UHC (Overall),Low-income countries,2020,42,30.30357885,53.69642115,25
UHC (Overall),Lower-middle-income countries,2020,58,45.66298171,70.33701829,50
UHC (Overall),Upper-middle-income countries,2020,75,66.97129605,83.02870395,53
UHC (Overall),High-income countries,2021,83,77.81567816,88.18432184,63
UHC (Overall),Low-income countries,2021,44.5,32.65733656,56.34266344,25
UHC (Overall),Lower-middle-income countries,2021,59.5,47.15886416,71.84113584,50
UHC (Overall),Upper-middle-income countries,2021,72.5,64.28503371,80.71496629,53
UHC (Overall),High-income countries,2022,83,77.79564315,88.20435685,63
UHC (Overall),Low-income countries,2022,44,32.42177109,55.57822891,25
UHC (Overall),Lower-middle-income countries,2022,59.5,47.20784255,71.79215745,50
UHC (Overall),Upper-middle-income countries,2022,74,65.87739094,82.12260906,53
UHC (Overall),High-income countries,2023,83,77.69210799,88.30789201,63
UHC (Overall),Low-income countries,2023,43,31.78654654,54.21345346,25
UHC (Overall),Lower-middle-income countries,2023,59,47.53831618,70.46168382,50
UHC (Overall),Upper-middle-income countries,2023,73,64.7925571,81.2074429,53
UHC (Infectious Disease),High-income countries,2000,99,93.70395921,104.2960408,63
UHC (Infectious Disease),Low-income countries,2000,11,-16.62254732,38.62254732,25
UHC (Infectious Disease),Lower-middle-income countries,2000,76,52.71996377,99.28003623,50
UHC (Infectious Disease),Upper-middle-income countries,2000,88.5,67.99372949,109.0062705,53
UHC (Infectious Disease),High-income countries,2001,100,95.25753324,104.7424668,63
UHC (Infectious Disease),Low-income countries,2001,10.5,-16.89484238,37.89484238,25
UHC (Infectious Disease),Lower-middle-income countries,2001,76,55.05810092,96.94189908,50
UHC (Infectious Disease),Upper-middle-income countries,2001,88.5,69.88934428,107.1106557,53
UHC (Infectious Disease),High-income countries,2002,100,94.89997486,105.1000251,63
UHC (Infectious Disease),Low-income countries,2002,10.5,-14.92572048,35.92572048,25
UHC (Infectious Disease),Lower-middle-income countries,2002,76,55.57069963,96.42930037,50
UHC (Infectious Disease),Upper-middle-income countries,2002,89,70.29585176,107.7041482,53
UHC (Infectious Disease),High-income countries,2003,100,95.69776266,104.3022373,63
UHC (Infectious Disease),Low-income countries,2003,9,-15.3540035,33.3540035,25
UHC (Infectious Disease),Lower-middle-income countries,2003,77,56.77037543,97.22962457,50
UHC (Infectious Disease),Upper-middle-income countries,2003,89,71.47639738,106.5236026,53
UHC (Infectious Disease),High-income countries,2004,100,96.02232953,103.9776705,63
UHC (Infectious Disease),Low-income countries,2004,9,-15.8588417,33.8588417,25
UHC (Infectious Disease),Lower-middle-income countries,2004,78,56.69032327,99.30967673,50
UHC (Infectious Disease),Upper-middle-income countries,2004,89,68.15267137,109.8473286,53
UHC (Infectious Disease),High-income countries,2005,100,95.86827471,104.1317253,63
UHC (Infectious Disease),Low-income countries,2005,11.5,-12.73054884,35.73054884,25
UHC (Infectious Disease),Lower-middle-income countries,2005,78,53.50598508,102.4940149,50
UHC (Infectious Disease),Upper-middle-income countries,2005,90,70.25249474,109.7475053,53
UHC (Infectious Disease),High-income countries,2006,99,95.04090685,102.9590932,63
UHC (Infectious Disease),Low-income countries,2006,17,-6.049782056,40.04978206,25
UHC (Infectious Disease),Lower-middle-income countries,2006,78,54.16254539,101.8374546,50
UHC (Infectious Disease),Upper-middle-income countries,2006,90,72.4760071,107.5239929,53
UHC (Infectious Disease),High-income countries,2007,99,90.13137653,107.8686235,63
UHC (Infectious Disease),Low-income countries,2007,18,-5.144143115,41.14414312,25
UHC (Infectious Disease),Lower-middle-income countries,2007,76,51.0071988,100.9928012,50
UHC (Infectious Disease),Upper-middle-income countries,2007,90,77.74572151,102.2542785,53
UHC (Infectious Disease),High-income countries,2008,99,91.45501022,106.5449898,63
UHC (Infectious Disease),Low-income countries,2008,24,0.13200756,47.86799244,25
UHC (Infectious Disease),Lower-middle-income countries,2008,72,44.93292618,99.06707382,50
UHC (Infectious Disease),Upper-middle-income countries,2008,88.5,74.21588502,102.784115,53
UHC (Infectious Disease),High-income countries,2009,99,91.85071718,106.1492828,63
UHC (Infectious Disease),Low-income countries,2009,23.5,2.322423567,44.67757643,25
UHC (Infectious Disease),Lower-middle-income countries,2009,70,43.90327497,96.09672503,50
UHC (Infectious Disease),Upper-middle-income countries,2009,88,73.59844346,102.4015565,53
UHC (Infectious Disease),High-income countries,2010,99,91.63303938,106.3669606,63
UHC (Infectious Disease),Low-income countries,2010,26,4.225834443,47.77416556,25
UHC (Infectious Disease),Lower-middle-income countries,2010,63,36.32137894,89.67862106,50
UHC (Infectious Disease),Upper-middle-income countries,2010,87,73.46802847,100.5319715,53
UHC (Infectious Disease),High-income countries,2011,99,91.19887502,106.801125,63
UHC (Infectious Disease),Low-income countries,2011,28.5,7.106261115,49.89373889,25
UHC (Infectious Disease),Lower-middle-income countries,2011,65,39.32012981,90.67987019,50
UHC (Infectious Disease),Upper-middle-income countries,2011,87,71.67519063,102.3248094,53
UHC (Infectious Disease),High-income countries,2012,99,90.43678685,107.5632132,63
UHC (Infectious Disease),Low-income countries,2012,30.5,8.639257481,52.36074252,25
UHC (Infectious Disease),Lower-middle-income countries,2012,61,36.53818887,85.46181113,50
UHC (Infectious Disease),Upper-middle-income countries,2012,87,71.68321922,102.3167808,53
UHC (Infectious Disease),High-income countries,2013,99,89.89795968,108.1020403,63
UHC (Infectious Disease),Low-income countries,2013,31,11.07632657,50.92367343,25
UHC (Infectious Disease),Lower-middle-income countries,2013,63,37.74776901,88.25223099,50
UHC (Infectious Disease),Upper-middle-income countries,2013,88,72.87577644,103.1242236,53
UHC (Infectious Disease),High-income countries,2014,99,90.10546238,107.8945376,63
UHC (Infectious Disease),Low-income countries,2014,33,15.89350246,50.10649754,25
UHC (Infectious Disease),Lower-middle-income countries,2014,66.5,42.42379445,90.57620555,50
UHC (Infectious Disease),Upper-middle-income countries,2014,88,72.96128676,103.0387132,53
UHC (Infectious Disease),High-income countries,2015,99,94.19862033,103.8013797,63
UHC (Infectious Disease),Low-income countries,2015,34,18.14772497,49.85227503,25
UHC (Infectious Disease),Lower-middle-income countries,2015,67,43.33571401,90.66428599,50
UHC (Infectious Disease),Upper-middle-income countries,2015,88,72.37751771,103.6224823,53
UHC (Infectious Disease),High-income countries,2016,99,96.44382967,101.5561703,63
UHC (Infectious Disease),Low-income countries,2016,33,16.52695261,49.47304739,25
UHC (Infectious Disease),Lower-middle-income countries,2016,65.5,41.47736267,89.52263733,50
UHC (Infectious Disease),Upper-middle-income countries,2016,89,75.34190956,102.6580904,53
UHC (Infectious Disease),High-income countries,2017,99,95.7195975,102.2804025,63
UHC (Infectious Disease),Low-income countries,2017,38,17.45326184,58.54673816,25
UHC (Infectious Disease),Lower-middle-income countries,2017,62.5,40.12847738,84.87152262,50
UHC (Infectious Disease),Upper-middle-income countries,2017,90,76.1264246,103.8735754,53
UHC (Infectious Disease),High-income countries,2018,99,95.877501,102.122499,63
UHC (Infectious Disease),Low-income countries,2018,35,13.58264195,56.41735805,25
UHC (Infectious Disease),Lower-middle-income countries,2018,63,41.60552865,84.39447135,50
UHC (Infectious Disease),Upper-middle-income countries,2018,90,76.4340356,103.5659644,53
UHC (Infectious Disease),High-income countries,2019,99,94.12460345,103.8753966,63
UHC (Infectious Disease),Low-income countries,2019,34,12.48044766,55.51955234,25
UHC (Infectious Disease),Lower-middle-income countries,2019,65,42.6114005,87.3885995,50
UHC (Infectious Disease),Upper-middle-income countries,2019,91,77.16181162,104.8381884,53
UHC (Infectious Disease),High-income countries,2020,99,94.67870865,103.3212913,63
UHC (Infectious Disease),Low-income countries,2020,39,20.22642033,57.77357967,25
UHC (Infectious Disease),Lower-middle-income countries,2020,69,45.57236947,92.42763053,50
UHC (Infectious Disease),Upper-middle-income countries,2020,92,78.10719036,105.8928096,53
UHC (Infectious Disease),High-income countries,2021,99,94.24295663,103.7570434,63
UHC (Infectious Disease),Low-income countries,2021,36.5,17.99131478,55.00868522,25
UHC (Infectious Disease),Lower-middle-income countries,2021,71.5,47.30957215,95.69042785,50
UHC (Infectious Disease),Upper-middle-income countries,2021,92.5,77.88277478,107.1172252,53
UHC (Infectious Disease),High-income countries,2022,99,94.43205077,103.5679492,63
UHC (Infectious Disease),Low-income countries,2022,35.5,15.14904085,55.85095915,25
UHC (Infectious Disease),Lower-middle-income countries,2022,70,45.26181115,94.73818885,50
UHC (Infectious Disease),Upper-middle-income countries,2022,93,77.69613536,108.3038646,53
UHC (Infectious Disease),High-income countries,2023,99,94.25663925,103.7433607,63
UHC (Infectious Disease),Low-income countries,2023,41.5,21.7456626,61.2543374,25
UHC (Infectious Disease),Lower-middle-income countries,2023,70,45.54293077,94.45706923,50
UHC (Infectious Disease),Upper-middle-income countries,2023,92,76.5960064,107.4039936,53
UHC (RMNCH),High-income countries,2000,84,74.9755088,93.0244912,63
UHC (RMNCH),Low-income countries,2000,41,25.16912866,56.83087134,25
UHC (RMNCH),Lower-middle-income countries,2000,65,52.48345072,77.51654928,50
UHC (RMNCH),Upper-middle-income countries,2000,71.5,60.46594156,82.53405844,53
UHC (RMNCH),High-income countries,2001,85,76.15066043,93.84933957,63
UHC (RMNCH),Low-income countries,2001,42,26.56643684,57.43356316,25
UHC (RMNCH),Lower-middle-income countries,2001,65,52.89386803,77.10613197,50
UHC (RMNCH),Upper-middle-income countries,2001,72,61.24055777,82.75944223,53
UHC (RMNCH),High-income countries,2002,82,73.41143426,90.58856574,63
UHC (RMNCH),Low-income countries,2002,43,27.82600909,58.17399091,25
UHC (RMNCH),Lower-middle-income countries,2002,66,53.56686972,78.43313028,50
UHC (RMNCH),Upper-middle-income countries,2002,71,60.02622873,81.97377127,53
UHC (RMNCH),High-income countries,2003,84,75.47921126,92.52078874,63
UHC (RMNCH),Low-income countries,2003,44,28.89204603,59.10795397,25
UHC (RMNCH),Lower-middle-income countries,2003,65,52.02327907,77.97672093,50
UHC (RMNCH),Upper-middle-income countries,2003,72,61.41766851,82.58233149,53
UHC (RMNCH),High-income countries,2004,82,73.32658832,90.67341168,63
UHC (RMNCH),Low-income countries,2004,45,29.91336145,60.08663855,25
UHC (RMNCH),Lower-middle-income countries,2004,66,52.41750999,79.58249001,50
UHC (RMNCH),Upper-middle-income countries,2004,73,61.88059619,84.11940381,53
UHC (RMNCH),High-income countries,2005,82.5,73.97496146,91.02503854,63
UHC (RMNCH),Low-income countries,2005,46,31.13276787,60.86723213,25
UHC (RMNCH),Lower-middle-income countries,2005,66,52.06655185,79.93344815,50
UHC (RMNCH),Upper-middle-income countries,2005,72,61.13825624,82.86174376,53
UHC (RMNCH),High-income countries,2006,81,72.5436702,89.4563298,63
UHC (RMNCH),Low-income countries,2006,46,31.4455878,60.5544122,25
UHC (RMNCH),Lower-middle-income countries,2006,66,52.02980566,79.97019434,50
UHC (RMNCH),Upper-middle-income countries,2006,71.5,60.38528073,82.61471927,53
UHC (RMNCH),High-income countries,2007,80,69.42604565,90.57395435,63
UHC (RMNCH),Low-income countries,2007,46,31.99119567,60.00880433,25
UHC (RMNCH),Lower-middle-income countries,2007,66.5,52.99366688,80.00633312,50
UHC (RMNCH),Upper-middle-income countries,2007,72,62.26082386,81.73917614,53
UHC (RMNCH),High-income countries,2008,80,69.28682545,90.71317455,63
UHC (RMNCH),Low-income countries,2008,48,33.77023692,62.22976308,25
UHC (RMNCH),Lower-middle-income countries,2008,66.5,53.24286712,79.75713288,50
UHC (RMNCH),Upper-middle-income countries,2008,73,61.88356834,84.11643166,53
UHC (RMNCH),High-income countries,2009,80,69.33805164,90.66194836,63
UHC (RMNCH),Low-income countries,2009,50,36.73968713,63.26031287,25
UHC (RMNCH),Lower-middle-income countries,2009,67,54.96576153,79.03423847,50
UHC (RMNCH),Upper-middle-income countries,2009,74,60.38548302,87.61451698,53
UHC (RMNCH),High-income countries,2010,81,70.4257967,91.5742033,63
UHC (RMNCH),Low-income countries,2010,51,37.41849998,64.58150002,25
UHC (RMNCH),Lower-middle-income countries,2010,66,54.3365661,77.6634339,50
UHC (RMNCH),Upper-middle-income countries,2010,74,60.59303889,87.40696111,53
UHC (RMNCH),High-income countries,2011,81,70.54065207,91.45934793,63
UHC (RMNCH),Low-income countries,2011,52,38.44344591,65.55655409,25
UHC (RMNCH),Lower-middle-income countries,2011,66,53.27062413,78.72937587,50
UHC (RMNCH),Upper-middle-income countries,2011,74,61.43871338,86.56128662,53
UHC (RMNCH),High-income countries,2012,81,71.05818273,90.94181727,63
UHC (RMNCH),Low-income countries,2012,52,38.11992978,65.88007022,25
UHC (RMNCH),Lower-middle-income countries,2012,66,53.82713927,78.17286073,50
UHC (RMNCH),Upper-middle-income countries,2012,71,58.16664625,83.83335375,53
UHC (RMNCH),High-income countries,2013,81,71.08256306,90.91743694,63
UHC (RMNCH),Low-income countries,2013,52.5,38.01006865,66.98993135,25
UHC (RMNCH),Lower-middle-income countries,2013,66,53.3584881,78.6415119,50
UHC (RMNCH),Upper-middle-income countries,2013,71,58.24777872,83.75222128,53
UHC (RMNCH),High-income countries,2014,81,71.31851502,90.68148498,63
UHC (RMNCH),Low-income countries,2014,49,34.15238696,63.84761304,25
UHC (RMNCH),Lower-middle-income countries,2014,66,54.20065723,77.79934277,50
UHC (RMNCH),Upper-middle-income countries,2014,71,58.37614901,83.62385099,53
UHC (RMNCH),High-income countries,2015,82,73.0366004,90.9633996,63
UHC (RMNCH),Low-income countries,2015,49,34.3877353,63.6122647,25
UHC (RMNCH),Lower-middle-income countries,2015,67,55.13028239,78.86971761,50
UHC (RMNCH),Upper-middle-income countries,2015,70,57.06928591,82.93071409,53
UHC (RMNCH),High-income countries,2016,83,74.4260201,91.5739799,63
UHC (RMNCH),Low-income countries,2016,51,36.45958543,65.54041457,25
UHC (RMNCH),Lower-middle-income countries,2016,67,55.08319753,78.91680247,50
UHC (RMNCH),Upper-middle-income countries,2016,71,58.54612551,83.45387449,53
UHC (RMNCH),High-income countries,2017,82.5,74.0274901,90.9725099,63
UHC (RMNCH),Low-income countries,2017,54,39.5556881,68.4443119,25
UHC (RMNCH),Lower-middle-income countries,2017,68.5,56.38100465,80.61899535,50
UHC (RMNCH),Upper-middle-income countries,2017,71,58.6925743,83.3074257,53
UHC (RMNCH),High-income countries,2018,83,74.50814927,91.49185073,63
UHC (RMNCH),Low-income countries,2018,55,40.26944511,69.73055489,25
UHC (RMNCH),Lower-middle-income countries,2018,69,56.87007584,81.12992416,50
UHC (RMNCH),Upper-middle-income countries,2018,71,58.70388294,83.29611706,53
UHC (RMNCH),High-income countries,2019,82,73.13592919,90.86407081,63
UHC (RMNCH),Low-income countries,2019,55,40.12896159,69.87103841,25
UHC (RMNCH),Lower-middle-income countries,2019,68,55.89697289,80.10302711,50
UHC (RMNCH),Upper-middle-income countries,2019,71.5,58.92206684,84.07793316,53
UHC (RMNCH),High-income countries,2020,83,74.32304929,91.67695071,63
UHC (RMNCH),Low-income countries,2020,56,40.69558654,71.30441346,25
UHC (RMNCH),Lower-middle-income countries,2020,68,56.01943212,79.98056788,50
UHC (RMNCH),Upper-middle-income countries,2020,71,58.68380419,83.31619581,53
UHC (RMNCH),High-income countries,2021,82.5,74.12196502,90.87803498,63
UHC (RMNCH),Low-income countries,2021,56.5,41.08304376,71.91695624,25
UHC (RMNCH),Lower-middle-income countries,2021,67.5,55.61309995,79.38690005,50
UHC (RMNCH),Upper-middle-income countries,2021,71,58.79469554,83.20530446,53
UHC (RMNCH),High-income countries,2022,83,74.67310204,91.32689796,63
UHC (RMNCH),Low-income countries,2022,55.5,40.67818655,70.32181345,25
UHC (RMNCH),Lower-middle-income countries,2022,68,56.30578275,79.69421725,50
UHC (RMNCH),Upper-middle-income countries,2022,72,59.81861803,84.18138197,53
UHC (RMNCH),High-income countries,2023,82.5,74.30039792,90.69960208,63
UHC (RMNCH),Low-income countries,2023,55.5,40.05003112,70.94996888,25
UHC (RMNCH),Lower-middle-income countries,2023,68,56.44264092,79.55735908,50
UHC (RMNCH),Upper-middle-income countries,2023,72,60.03624851,83.96375149,53
Current Health Expenditure (CHE),High-income countries,2000,7.15,4.788219357,9.511780643,64
Current Health Expenditure (CHE),Low-income countries,2000,4.14,2.38636945,5.89363055,24
Current Health Expenditure (CHE),Lower-middle-income countries,2000,4.765,2.496145098,7.033854902,50
Current Health Expenditure (CHE),Upper-middle-income countries,2000,5.27,3.212159625,7.327840375,53
Current Health Expenditure (CHE),High-income countries,2001,7.43,4.945461536,9.914538464,64
Current Health Expenditure (CHE),Low-income countries,2001,4.17,2.539684381,5.800315619,24
Current Health Expenditure (CHE),Lower-middle-income countries,2001,4.885,2.596066695,7.173933305,50
Current Health Expenditure (CHE),Upper-middle-income countries,2001,5.62,3.712492702,7.527507298,53
Current Health Expenditure (CHE),High-income countries,2002,7.68,5.111537475,10.24846253,64
Current Health Expenditure (CHE),Low-income countries,2002,4.105,2.234444658,5.975555342,24
Current Health Expenditure (CHE),Lower-middle-income countries,2002,5.225,2.955023787,7.494976213,50
Current Health Expenditure (CHE),Upper-middle-income countries,2002,5.735,3.996232931,7.473767069,53
Current Health Expenditure (CHE),High-income countries,2003,7.845,5.205768518,10.48423148,64
Current Health Expenditure (CHE),Low-income countries,2003,4.3,2.543390668,6.056609332,24
Current Health Expenditure (CHE),Lower-middle-income countries,2003,5.2,2.89497428,7.50502572,50
Current Health Expenditure (CHE),Upper-middle-income countries,2003,5.48,3.799982357,7.160017643,53
Current Health Expenditure (CHE),High-income countries,2004,8,5.251182858,10.74881714,64
Current Health Expenditure (CHE),Low-income countries,2004,4.455,2.667605184,6.242394816,24
Current Health Expenditure (CHE),Lower-middle-income countries,2004,5.46,2.817516177,8.102483823,50
Current Health Expenditure (CHE),Upper-middle-income countries,2004,5.425,3.689100983,7.160899017,53
Current Health Expenditure (CHE),High-income countries,2005,8.005,5.181086651,10.82891335,64
Current Health Expenditure (CHE),Low-income countries,2005,4.32,2.507164241,6.132835759,24
Current Health Expenditure (CHE),Lower-middle-income countries,2005,5.24,1.960980389,8.519019611,50
Current Health Expenditure (CHE),Upper-middle-income countries,2005,5.41,3.683597488,7.136402512,53
Current Health Expenditure (CHE),High-income countries,2006,7.78,5.005165767,10.55483423,64
Current Health Expenditure (CHE),Low-income countries,2006,4.9,3.131480488,6.668519512,24
Current Health Expenditure (CHE),Lower-middle-income countries,2006,5.16,1.869335877,8.450664123,50
Current Health Expenditure (CHE),Upper-middle-income countries,2006,5.28,3.347419461,7.212580539,53
Current Health Expenditure (CHE),High-income countries,2007,7.375,4.531713145,10.21828686,64
Current Health Expenditure (CHE),Low-income countries,2007,4.62,2.924339939,6.315660061,24
Current Health Expenditure (CHE),Lower-middle-income countries,2007,4.86,1.997932282,7.722067718,50
Current Health Expenditure (CHE),Upper-middle-income countries,2007,5.54,3.586444836,7.493555164,53
Current Health Expenditure (CHE),High-income countries,2008,7.64,4.704382982,10.57561702,64
Current Health Expenditure (CHE),Low-income countries,2008,4.68,3.075854909,6.284145091,24
Current Health Expenditure (CHE),Lower-middle-income countries,2008,4.725,1.475065415,7.974934585,50
Current Health Expenditure (CHE),Upper-middle-income countries,2008,5.66,3.555190398,7.764809602,53
Current Health Expenditure (CHE),High-income countries,2009,7.92,5.02382025,10.81617975,64
Current Health Expenditure (CHE),Low-income countries,2009,5.06,3.280144336,6.839855664,24
Current Health Expenditure (CHE),Lower-middle-income countries,2009,4.8,1.374599023,8.225400977,50
Current Health Expenditure (CHE),Upper-middle-income countries,2009,5.7,3.594153964,7.805846036,53
Current Health Expenditure (CHE),High-income countries,2010,7.9,4.933309839,10.86669016,64
Current Health Expenditure (CHE),Low-income countries,2010,4.99,2.893782447,7.086217553,24
Current Health Expenditure (CHE),Lower-middle-income countries,2010,4.57,1.30865614,7.83134386,50
Current Health Expenditure (CHE),Upper-middle-income countries,2010,5.91,3.827836437,7.992163563,53
Current Health Expenditure (CHE),High-income countries,2011,7.85,4.796939809,10.90306019,64
Current Health Expenditure (CHE),Low-income countries,2011,4.99,3.065247174,6.914752826,24
Current Health Expenditure (CHE),Lower-middle-income countries,2011,4.755,2.154097072,7.355902928,50
Current Health Expenditure (CHE),Upper-middle-income countries,2011,5.895,3.427266567,8.362733433,53
Current Health Expenditure (CHE),High-income countries,2012,7.54,4.543944063,10.53605594,64
Current Health Expenditure (CHE),Low-income countries,2012,5.02,3.296152339,6.743847661,24
Current Health Expenditure (CHE),Lower-middle-income countries,2012,4.88,2.428470469,7.331529531,50
Current Health Expenditure (CHE),Upper-middle-income countries,2012,6.09,3.599835982,8.580164018,53
Current Health Expenditure (CHE),High-income countries,2013,7.465,4.566507804,10.3634922,64
Current Health Expenditure (CHE),Low-income countries,2013,4.79,2.993228379,6.586771621,24
Current Health Expenditure (CHE),Lower-middle-income countries,2013,4.745,2.18259342,7.30740658,50
Current Health Expenditure (CHE),Upper-middle-income countries,2013,5.7,3.193567463,8.206432537,53
Current Health Expenditure (CHE),High-income countries,2014,7.04,4.210886763,9.869113237,64
Current Health Expenditure (CHE),Low-income countries,2014,4.79,2.17032252,7.40967748,24
Current Health Expenditure (CHE),Lower-middle-income countries,2014,4.81,2.40314496,7.21685504,50
Current Health Expenditure (CHE),Upper-middle-income countries,2014,5.635,3.126274172,8.143725828,53
Current Health Expenditure (CHE),High-income countries,2015,7.08,4.306884189,9.853115811,64
Current Health Expenditure (CHE),Low-income countries,2015,5.08,2.789190831,7.370809169,24
Current Health Expenditure (CHE),Lower-middle-income countries,2015,4.76,2.481433629,7.038566371,50
Current Health Expenditure (CHE),Upper-middle-income countries,2015,6.085,3.38208514,8.78791486,53
Current Health Expenditure (CHE),High-income countries,2016,7.33,4.69590184,9.96409816,64
Current Health Expenditure (CHE),Low-income countries,2016,5.33,3.076882947,7.583117053,24
Current Health Expenditure (CHE),Lower-middle-income countries,2016,4.755,2.308579338,7.201420662,50
Current Health Expenditure (CHE),Upper-middle-income countries,2016,5.95,3.07006896,8.82993104,53
Current Health Expenditure (CHE),High-income countries,2017,7.17,4.532168228,9.807831772,64
Current Health Expenditure (CHE),Low-income countries,2017,5.27,1.681787131,8.858212869,24
Current Health Expenditure (CHE),Lower-middle-income countries,2017,4.41,1.930311458,6.889688542,50
Current Health Expenditure (CHE),Upper-middle-income countries,2017,5.79,2.469142124,9.110857876,53
Current Health Expenditure (CHE),High-income countries,2018,7.375,4.689242377,10.06075762,64
Current Health Expenditure (CHE),Low-income countries,2018,4.735,1.820760366,7.649239634,24
Current Health Expenditure (CHE),Lower-middle-income countries,2018,4.54,2.061329043,7.018670957,50
Current Health Expenditure (CHE),Upper-middle-income countries,2018,6.075,3.250762324,8.899237676,53
Current Health Expenditure (CHE),High-income countries,2019,7.49,4.765256818,10.21474318,64
Current Health Expenditure (CHE),Low-income countries,2019,5.13,2.321718313,7.938281687,24
Current Health Expenditure (CHE),Lower-middle-income countries,2019,4.47,1.211520443,7.728479557,50
Current Health Expenditure (CHE),Upper-middle-income countries,2019,5.99,2.740144356,9.239855644,53
Current Health Expenditure (CHE),High-income countries,2020,8.715,5.851949875,11.57805013,64
Current Health Expenditure (CHE),Low-income countries,2020,5.73,2.367726868,9.092273132,24
Current Health Expenditure (CHE),Lower-middle-income countries,2020,4.94,2.402481766,7.477518234,50
Current Health Expenditure (CHE),Upper-middle-income countries,2020,7.01,4.293728878,9.726271122,53
Current Health Expenditure (CHE),High-income countries,2021,8.87,6.00499451,11.73500549,64
Current Health Expenditure (CHE),Low-income countries,2021,5.62,1.674589778,9.565410222,24
Current Health Expenditure (CHE),Lower-middle-income countries,2021,4.935,2.456597384,7.413402616,50
Current Health Expenditure (CHE),Upper-middle-income countries,2021,7.06,4.044703602,10.0752964,53
Current Health Expenditure (CHE),High-income countries,2022,8.005,4.784625618,11.22537438,64
Current Health Expenditure (CHE),Low-income countries,2022,4.8,0.435253921,9.164746079,24
Current Health Expenditure (CHE),Lower-middle-income countries,2022,4.67,2.182067076,7.157932924,50
Current Health Expenditure (CHE),Upper-middle-income countries,2022,6.97,3.675161467,10.26483853,53
Current Health Expenditure (CHE),High-income countries,2023,7.92,4.854040939,10.98595906,64
Current Health Expenditure (CHE),Low-income countries,2023,5,1.47213001,8.52786999,24
Current Health Expenditure (CHE),Lower-middle-income countries,2023,4.56,1.932672826,7.187327174,50
Current Health Expenditure (CHE),Upper-middle-income countries,2023,6.5,2.883548192,10.11645181,53
Domestic General Government Health Exp (GGHE-D),High-income countries,2000,72.64,58.36538902,86.91461098,64
Domestic General Government Health Exp (GGHE-D),Low-income countries,2000,29.4,11.30806053,47.49193947,24
Domestic General Government Health Exp (GGHE-D),Lower-middle-income countries,2000,52.485,34.68858469,70.28141531,50
Domestic General Government Health Exp (GGHE-D),Upper-middle-income countries,2000,53.53,36.10629902,70.95370098,53
Domestic General Government Health Exp (GGHE-D),High-income countries,2001,72.8,58.14807382,87.45192618,64
Domestic General Government Health Exp (GGHE-D),Low-income countries,2001,29.79,12.3404545,47.2395455,24
Domestic General Government Health Exp (GGHE-D),Lower-middle-income countries,2001,52.315,34.72477077,69.90522923,50
Domestic General Government Health Exp (GGHE-D),Upper-middle-income countries,2001,54.47,38.21330853,70.72669147,53
Domestic General Government Health Exp (GGHE-D),High-income countries,2002,72.435,58.44679443,86.42320557,64
Domestic General Government Health Exp (GGHE-D),Low-income countries,2002,28.555,12.96068875,44.14931125,24
Domestic General Government Health Exp (GGHE-D),Lower-middle-income countries,2002,51.165,33.14486199,69.18513801,50
Domestic General Government Health Exp (GGHE-D),Upper-middle-income countries,2002,52.9,35.9248219,69.8751781,53
Domestic General Government Health Exp (GGHE-D),High-income countries,2003,72.89,59.02500606,86.75499394,64
Domestic General Government Health Exp (GGHE-D),Low-income countries,2003,27,10.92878494,43.07121506,24
Domestic General Government Health Exp (GGHE-D),Lower-middle-income countries,2003,47.77,29.13946664,66.40053336,50
Domestic General Government Health Exp (GGHE-D),Upper-middle-income countries,2003,56.18,40.28211516,72.07788484,53
Domestic General Government Health Exp (GGHE-D),High-income countries,2004,72.65,58.30938778,86.99061222,64
Domestic General Government Health Exp (GGHE-D),Low-income countries,2004,26.4,10.73963405,42.06036595,24
Domestic General Government Health Exp (GGHE-D),Lower-middle-income countries,2004,47.5,29.3857644,65.6142356,50
Domestic General Government Health Exp (GGHE-D),Upper-middle-income countries,2004,56.275,41.02863051,71.52136949,53
Domestic General Government Health Exp (GGHE-D),High-income countries,2005,72.555,58.23287144,86.87712856,64
Domestic General Government Health Exp (GGHE-D),Low-income countries,2005,25.28,8.934173367,41.62582663,24
Domestic General Government Health Exp (GGHE-D),Lower-middle-income countries,2005,46.9,28.83246305,64.96753695,50
Domestic General Government Health Exp (GGHE-D),Upper-middle-income countries,2005,55.92,40.37226916,71.46773084,53
Domestic General Government Health Exp (GGHE-D),High-income countries,2006,72.235,57.7237604,86.7462396,64
Domestic General Government Health Exp (GGHE-D),Low-income countries,2006,22.585,7.200074533,37.96992547,24
Domestic General Government Health Exp (GGHE-D),Lower-middle-income countries,2006,46.4,29.48365278,63.31634722,50
Domestic General Government Health Exp (GGHE-D),Upper-middle-income countries,2006,56.805,42.71191973,70.89808027,53
Domestic General Government Health Exp (GGHE-D),High-income countries,2007,71.435,56.55570652,86.31429348,64
Domestic General Government Health Exp (GGHE-D),Low-income countries,2007,22.755,9.167814562,36.34218544,24
Domestic General Government Health Exp (GGHE-D),Lower-middle-income countries,2007,46.745,29.75938609,63.73061391,50
Domestic General Government Health Exp (GGHE-D),Upper-middle-income countries,2007,55.87,41.12030705,70.61969295,53
Domestic General Government Health Exp (GGHE-D),High-income countries,2008,72.69,58.30931726,87.07068274,64
Domestic General Government Health Exp (GGHE-D),Low-income countries,2008,21.59,10.61110276,32.56889724,24
Domestic General Government Health Exp (GGHE-D),Lower-middle-income countries,2008,44.52,26.06646405,62.97353595,50
Domestic General Government Health Exp (GGHE-D),Upper-middle-income countries,2008,55.995,41.68821767,70.30178233,53
Domestic General Government Health Exp (GGHE-D),High-income countries,2009,72.415,58.47502167,86.35497833,64
Domestic General Government Health Exp (GGHE-D),Low-income countries,2009,20.28,9.082295837,31.47770416,24
Domestic General Government Health Exp (GGHE-D),Lower-middle-income countries,2009,43.22,24.3908407,62.0491593,50
Domestic General Government Health Exp (GGHE-D),Upper-middle-income countries,2009,54.345,40.31383779,68.37616221,53
Domestic General Government Health Exp (GGHE-D),High-income countries,2010,72.36,58.20695773,86.51304227,64
Domestic General Government Health Exp (GGHE-D),Low-income countries,2010,20.57,11.74976947,29.39023053,24
Domestic General Government Health Exp (GGHE-D),Lower-middle-income countries,2010,42.36,23.44426502,61.27573498,50
Domestic General Government Health Exp (GGHE-D),Upper-middle-income countries,2010,57.47,44.34120666,70.59879334,53
Domestic General Government Health Exp (GGHE-D),High-income countries,2011,72.435,57.75306191,87.11693809,64
Domestic General Government Health Exp (GGHE-D),Low-income countries,2011,20.75,10.91403731,30.58596269,24
Domestic General Government Health Exp (GGHE-D),Lower-middle-income countries,2011,42.59,24.06861602,61.11138398,50
Domestic General Government Health Exp (GGHE-D),Upper-middle-income countries,2011,59.605,46.48417396,72.72582604,53
Domestic General Government Health Exp (GGHE-D),High-income countries,2012,70.85,56.76582681,84.93417319,64
Domestic General Government Health Exp (GGHE-D),Low-income countries,2012,21.13,12.1227168,30.1372832,24
Domestic General Government Health Exp (GGHE-D),Lower-middle-income countries,2012,42.22,24.50540277,59.93459723,50
Domestic General Government Health Exp (GGHE-D),Upper-middle-income countries,2012,58.61,44.67666839,72.54333161,53
Domestic General Government Health Exp (GGHE-D),High-income countries,2013,70.26,55.8312866,84.6887134,64
Domestic General Government Health Exp (GGHE-D),Low-income countries,2013,20.07,11.32669616,28.81330384,24
Domestic General Government Health Exp (GGHE-D),Lower-middle-income countries,2013,42.865,26.26626708,59.46373292,50
Domestic General Government Health Exp (GGHE-D),Upper-middle-income countries,2013,59.09,46.41237456,71.76762544,53
Domestic General Government Health Exp (GGHE-D),High-income countries,2014,70.52,56.19414888,84.84585112,64
Domestic General Government Health Exp (GGHE-D),Low-income countries,2014,19.9,9.422546139,30.37745386,24
Domestic General Government Health Exp (GGHE-D),Lower-middle-income countries,2014,37.585,20.47354626,54.69645374,50
Domestic General Government Health Exp (GGHE-D),Upper-middle-income countries,2014,58.945,46.16084571,71.72915429,53
Domestic General Government Health Exp (GGHE-D),High-income countries,2015,71.26,57.2946876,85.2253124,64
Domestic General Government Health Exp (GGHE-D),Low-income countries,2015,20.79,10.56954272,31.01045728,24
Domestic General Government Health Exp (GGHE-D),Lower-middle-income countries,2015,40.38,22.23195926,58.52804074,50
Domestic General Government Health Exp (GGHE-D),Upper-middle-income countries,2015,58.255,44.19635979,72.31364021,53
Domestic General Government Health Exp (GGHE-D),High-income countries,2016,71.48,57.22753521,85.73246479,64
Domestic General Government Health Exp (GGHE-D),Low-income countries,2016,18.91,7.698036474,30.12196353,24
Domestic General Government Health Exp (GGHE-D),Lower-middle-income countries,2016,41.02,23.96650462,58.07349538,50
Domestic General Government Health Exp (GGHE-D),Upper-middle-income countries,2016,61.445,47.03687157,75.85312843,53
Domestic General Government Health Exp (GGHE-D),High-income countries,2017,71.53,57.62164624,85.43835376,64
Domestic General Government Health Exp (GGHE-D),Low-income countries,2017,22.25,10.07584564,34.42415436,24
Domestic General Government Health Exp (GGHE-D),Lower-middle-income countries,2017,43.245,25.55339776,60.93660224,50
Domestic General Government Health Exp (GGHE-D),Upper-middle-income countries,2017,58.285,42.70431935,73.86568065,53
Domestic General Government Health Exp (GGHE-D),High-income countries,2018,70.915,56.92147884,84.90852116,64
Domestic General Government Health Exp (GGHE-D),Low-income countries,2018,18.085,6.469329748,29.70067025,24
Domestic General Government Health Exp (GGHE-D),Lower-middle-income countries,2018,42.62,24.70567346,60.53432654,50
Domestic General Government Health Exp (GGHE-D),Upper-middle-income countries,2018,59.415,43.28340063,75.54659937,53
Domestic General Government Health Exp (GGHE-D),High-income countries,2019,71.54,57.50224733,85.57775267,64
Domestic General Government Health Exp (GGHE-D),Low-income countries,2019,19.095,7.385612622,30.80438738,24
Domestic General Government Health Exp (GGHE-D),Lower-middle-income countries,2019,40.675,22.44789244,58.90210756,50
Domestic General Government Health Exp (GGHE-D),Upper-middle-income countries,2019,59.35,43.57911347,75.12088653,53
Domestic General Government Health Exp (GGHE-D),High-income countries,2020,73.62,61.02973873,86.21026127,64
Domestic General Government Health Exp (GGHE-D),Low-income countries,2020,19.72,7.374005365,32.06599464,24
Domestic General Government Health Exp (GGHE-D),Lower-middle-income countries,2020,45.2,27.2862494,63.1137506,50
Domestic General Government Health Exp (GGHE-D),Upper-middle-income countries,2020,60.96,45.27199456,76.64800544,53
Domestic General Government Health Exp (GGHE-D),High-income countries,2021,74.4,62.32232839,86.47767161,64
Domestic General Government Health Exp (GGHE-D),Low-income countries,2021,21.03,9.99917976,32.06082024,24
Domestic General Government Health Exp (GGHE-D),Lower-middle-income countries,2021,42.57,25.02746313,60.11253687,50
Domestic General Government Health Exp (GGHE-D),Upper-middle-income countries,2021,62.3,47.32076335,77.27923665,53
Domestic General Government Health Exp (GGHE-D),High-income countries,2022,73.76,61.16254362,86.35745638,64
Domestic General Government Health Exp (GGHE-D),Low-income countries,2022,21.77,10.79378326,32.74621674,24
Domestic General Government Health Exp (GGHE-D),Lower-middle-income countries,2022,40.04,23.09716348,56.98283652,50
Domestic General Government Health Exp (GGHE-D),Upper-middle-income countries,2022,61.56,45.90599153,77.21400847,53
Domestic General Government Health Exp (GGHE-D),High-income countries,2023,73.15,60.41392869,85.88607131,64
Domestic General Government Health Exp (GGHE-D),Low-income countries,2023,18.72,7.419789825,30.02021018,24
Domestic General Government Health Exp (GGHE-D),Lower-middle-income countries,2023,39.8,21.77121255,57.82878745,50
Domestic General Government Health Exp (GGHE-D),Upper-middle-income countries,2023,61.78,46.47536175,77.08463825,53
Medical Doctors (per 10k),High-income countries,2000,25.28,17.26427355,33.29572645,63
Medical Doctors (per 10k),Low-income countries,2000,16.45,2.542302042,30.35769796,25
Medical Doctors (per 10k),Lower-middle-income countries,2000,13.12,-1.044366743,27.28436674,49
Medical Doctors (per 10k),Upper-middle-income countries,2000,13.125,3.564738822,22.68526118,53
Medical Doctors (per 10k),High-income countries,2001,26.035,17.81219557,34.25780443,63
Medical Doctors (per 10k),Low-income countries,2001,17.45,4.388809469,30.51119053,25
Medical Doctors (per 10k),Lower-middle-income countries,2001,13.03,-1.343824555,27.40382455,49
Medical Doctors (per 10k),Upper-middle-income countries,2001,18.16,8.113518383,28.20648162,53
Medical Doctors (per 10k),High-income countries,2002,25.53,16.97403433,34.08596567,63
Medical Doctors (per 10k),Low-income countries,2002,16.65,2.493046829,30.80695317,25
Medical Doctors (per 10k),Lower-middle-income countries,2002,13.485,-0.304230586,27.27423059,49
Medical Doctors (per 10k),Upper-middle-income countries,2002,19.165,7.20285109,31.12714891,53
Medical Doctors (per 10k),High-income countries,2003,28.57,20.11805862,37.02194138,63
Medical Doctors (per 10k),Low-income countries,2003,2.6,-8.921226733,14.12122673,25
Medical Doctors (per 10k),Lower-middle-income countries,2003,13.58,-1.125070554,28.28507055,49
Medical Doctors (per 10k),Upper-middle-income countries,2003,15.78,4.271149186,27.28885081,53
Medical Doctors (per 10k),High-income countries,2004,27.4,18.37801281,36.42198719,63
Medical Doctors (per 10k),Low-income countries,2004,1.39,-5.642140814,8.422140814,25
Medical Doctors (per 10k),Lower-middle-income countries,2004,12.045,-2.126057763,26.21605776,49
Medical Doctors (per 10k),Upper-middle-income countries,2004,13.94,1.443409516,26.43659048,53
Medical Doctors (per 10k),High-income countries,2005,28.71,19.32440789,38.09559211,63
Medical Doctors (per 10k),Low-income countries,2005,1.96,-6.458547024,10.37854702,25
Medical Doctors (per 10k),Lower-middle-income countries,2005,14.26,-0.130026703,28.6500267,49
Medical Doctors (per 10k),Upper-middle-income countries,2005,18.2,6.706361366,29.69363863,53
Medical Doctors (per 10k),High-income countries,2006,28.86,18.92727587,38.79272413,63
Medical Doctors (per 10k),Low-income countries,2006,2.355,-6.64098406,11.35098406,25
Medical Doctors (per 10k),Lower-middle-income countries,2006,13.4,-1.001170871,27.80117087,49
Medical Doctors (per 10k),Upper-middle-income countries,2006,19.975,8.52759578,31.42240422,53
Medical Doctors (per 10k),High-income countries,2007,29.9,19.90472201,39.89527799,63
Medical Doctors (per 10k),Low-income countries,2007,2.495,-5.56060095,10.55060095,25
Medical Doctors (per 10k),Lower-middle-income countries,2007,12,1.15055067,22.84944933,49
Medical Doctors (per 10k),Upper-middle-income countries,2007,21.495,6.83384162,36.15615838,53
Medical Doctors (per 10k),High-income countries,2008,29.605,19.81191193,39.39808807,63
Medical Doctors (per 10k),Low-income countries,2008,0.865,-7.889912643,9.619912643,25
Medical Doctors (per 10k),Lower-middle-income countries,2008,6.83,-4.48599822,18.14599822,49
Medical Doctors (per 10k),Upper-middle-income countries,2008,18.735,3.840268659,33.62973134,53
Medical Doctors (per 10k),High-income countries,2009,30.27,20.77191142,39.76808858,63
Medical Doctors (per 10k),Low-income countries,2009,1.015,-3.717338619,5.747338619,25
Medical Doctors (per 10k),Lower-middle-income countries,2009,8.405,-2.381089005,19.19108901,49
Medical Doctors (per 10k),Upper-middle-income countries,2009,16.565,1.89238831,31.23761169,53
Medical Doctors (per 10k),High-income countries,2010,29.36,19.87537151,38.84462849,63
Medical Doctors (per 10k),Low-income countries,2010,1.21,-4.361063699,6.781063699,25
Medical Doctors (per 10k),Lower-middle-income countries,2010,6.115,-5.258255714,17.48825571,49
Medical Doctors (per 10k),Upper-middle-income countries,2010,16.83,3.325917662,30.33408234,53
Medical Doctors (per 10k),High-income countries,2011,31.05,19.43012817,42.66987183,63
Medical Doctors (per 10k),Low-income countries,2011,1.24,-4.272475483,6.752475483,25
Medical Doctors (per 10k),Lower-middle-income countries,2011,7.18,-5.51027151,19.87027151,49
Medical Doctors (per 10k),Upper-middle-income countries,2011,18.575,5.475737659,31.67426234,53
Medical Doctors (per 10k),High-income countries,2012,31.835,20.33204835,43.33795165,63
Medical Doctors (per 10k),Low-income countries,2012,1.36,-7.049773849,9.769773849,25
Medical Doctors (per 10k),Lower-middle-income countries,2012,7.42,-5.516161788,20.35616179,49
Medical Doctors (per 10k),Upper-middle-income countries,2012,16.88,2.447139751,31.31286025,53
Medical Doctors (per 10k),High-income countries,2013,32.82,20.74150823,44.89849177,63
Medical Doctors (per 10k),Low-income countries,2013,1.065,-2.780918854,4.910918854,25
Medical Doctors (per 10k),Lower-middle-income countries,2013,7.09,-6.043555431,20.22355543,49
Medical Doctors (per 10k),Upper-middle-income countries,2013,19.515,5.602966899,33.4270331,53
Medical Doctors (per 10k),High-income countries,2014,32.565,20.44348464,44.68651536,63
Medical Doctors (per 10k),Low-income countries,2014,0.775,-8.212057758,9.762057758,25
Medical Doctors (per 10k),Lower-middle-income countries,2014,7.15,-5.066357058,19.36635706,49
Medical Doctors (per 10k),Upper-middle-income countries,2014,18.905,5.791001267,32.01899873,53
Medical Doctors (per 10k),High-income countries,2015,31.085,21.5164106,40.6535894,63
Medical Doctors (per 10k),Low-income countries,2015,0.83,0.15907658,1.50092342,25
Medical Doctors (per 10k),Lower-middle-income countries,2015,7.79,-1.94575962,17.52575962,49
Medical Doctors (per 10k),Upper-middle-income countries,2015,19.73,4.252604539,35.20739546,53
Medical Doctors (per 10k),High-income countries,2016,32.06,22.32858816,41.79141184,63
Medical Doctors (per 10k),Low-income countries,2016,0.81,-7.806690029,9.426690029,25
Medical Doctors (per 10k),Lower-middle-income countries,2016,7.555,-5.840703452,20.95070345,49
Medical Doctors (per 10k),Upper-middle-income countries,2016,19.8,3.398620476,36.20137952,53
Medical Doctors (per 10k),High-income countries,2017,32.22,21.70424089,42.73575911,63
Medical Doctors (per 10k),Low-income countries,2017,0.99,-8.085944556,10.06594456,25
Medical Doctors (per 10k),Lower-middle-income countries,2017,7.43,-6.296835104,21.1568351,49
Medical Doctors (per 10k),Upper-middle-income countries,2017,20.555,5.217808624,35.89219138,53
Medical Doctors (per 10k),High-income countries,2018,33.03,18.1017404,47.9582596,63
Medical Doctors (per 10k),Low-income countries,2018,0.88,-3.930629946,5.690629946,25
Medical Doctors (per 10k),Lower-middle-income countries,2018,4.39,-5.04061928,13.82061928,49
Medical Doctors (per 10k),Upper-middle-income countries,2018,20.465,2.602465703,38.3275343,53
Medical Doctors (per 10k),High-income countries,2019,33.435,20.99831004,45.87168996,63
Medical Doctors (per 10k),Low-income countries,2019,0.89,-8.878441609,10.65844161,25
Medical Doctors (per 10k),Lower-middle-income countries,2019,7.32,-1.638548783,16.27854878,49
Medical Doctors (per 10k),Upper-middle-income countries,2019,23.2,4.169498846,42.23050115,53
Medical Doctors (per 10k),High-income countries,2020,34.685,22.19124088,47.17875912,63
Medical Doctors (per 10k),Low-income countries,2020,0.92,-2.242751093,4.082751093,25
Medical Doctors (per 10k),Lower-middle-income countries,2020,7.12,-0.681077426,14.92107743,49
Medical Doctors (per 10k),Upper-middle-income countries,2020,23.05,6.031138384,40.06886162,53
Medical Doctors (per 10k),High-income countries,2021,36.35,26.76428709,45.93571291,63
Medical Doctors (per 10k),Low-income countries,2021,1.025,-2.52059204,4.57059204,25
Medical Doctors (per 10k),Lower-middle-income countries,2021,7.435,-0.472179357,15.34217936,49
Medical Doctors (per 10k),Upper-middle-income countries,2021,25.17,7.586087452,42.75391255,53
Medical Doctors (per 10k),High-income countries,2022,36.18,26.17647893,46.18352107,63
Medical Doctors (per 10k),Low-income countries,2022,1.34,-1.985437673,4.665437673,25
Medical Doctors (per 10k),Lower-middle-income countries,2022,3.585,-5.498565599,12.6685656,49
Medical Doctors (per 10k),Upper-middle-income countries,2022,25.88,8.060089259,43.69991074,53
Medical Doctors (per 10k),High-income countries,2023,38.015,27.4962585,48.5337415,63
Medical Doctors (per 10k),Low-income countries,2023,1.035,0.323745111,1.746254889,25
Medical Doctors (per 10k),Lower-middle-income countries,2023,7.26,-0.235433974,14.75543397,49
Medical Doctors (per 10k),Upper-middle-income countries,2023,23.41,9.066588557,37.75341144,53
Medical Doctors (per 10k),High-income countries,2024,38.47,26.78345648,50.15654352,63
Medical Doctors (per 10k),Low-income countries,2024,1.03,-6.662567347,8.722567347,25
Medical Doctors (per 10k),Lower-middle-income countries,2024,2.735,-4.313036986,9.783036986,49
Medical Doctors (per 10k),Upper-middle-income countries,2024,18.985,6.276458794,31.69354121,53
Nursing and midwifery personnel (per 10k),High-income countries,2000,72.34,39.88829002,104.79171,63
Nursing and midwifery personnel (per 10k),Low-income countries,2000,44.37,8.324145984,80.41585402,25
Nursing and midwifery personnel (per 10k),Lower-middle-income countries,2000,35.24,7.840178037,62.63982196,49
Nursing and midwifery personnel (per 10k),Upper-middle-income countries,2000,30,9.136372342,50.86362766,53
Nursing and midwifery personnel (per 10k),High-income countries,2001,70.53,35.06794082,105.9920592,63
Nursing and midwifery personnel (per 10k),Low-income countries,2001,53.93,19.61966707,88.24033293,25
Nursing and midwifery personnel (per 10k),Lower-middle-income countries,2001,33.01,5.135058906,60.88494109,49
Nursing and midwifery personnel (per 10k),Upper-middle-income countries,2001,36.57,13.55552511,59.58447489,53
Nursing and midwifery personnel (per 10k),High-income countries,2002,71.515,36.41492604,106.615074,63
Nursing and midwifery personnel (per 10k),Low-income countries,2002,37.98,2.30371279,73.65628721,25
Nursing and midwifery personnel (per 10k),Lower-middle-income countries,2002,33.69,6.998016771,60.38198323,49
Nursing and midwifery personnel (per 10k),Upper-middle-income countries,2002,41.46,18.83385023,64.08614977,53
Nursing and midwifery personnel (per 10k),High-income countries,2003,73.375,36.84070091,109.9092991,63
Nursing and midwifery personnel (per 10k),Low-income countries,2003,12.715,-17.43379784,42.86379784,25
Nursing and midwifery personnel (per 10k),Lower-middle-income countries,2003,35.4,8.344873212,62.45512679,49
Nursing and midwifery personnel (per 10k),Upper-middle-income countries,2003,33.61,12.12386773,55.09613227,53
Nursing and midwifery personnel (per 10k),High-income countries,2004,80.61,47.23365584,113.9863442,63
Nursing and midwifery personnel (per 10k),Low-income countries,2004,6.195,-13.43004659,25.82004659,25
Nursing and midwifery personnel (per 10k),Lower-middle-income countries,2004,31.29,7.648566282,54.93143372,49
Nursing and midwifery personnel (per 10k),Upper-middle-income countries,2004,46.01,20.74231029,71.27768971,53
Nursing and midwifery personnel (per 10k),High-income countries,2005,75.815,40.72559879,110.9044012,63
Nursing and midwifery personnel (per 10k),Low-income countries,2005,7.7,-17.76485538,33.16485538,25
Nursing and midwifery personnel (per 10k),Lower-middle-income countries,2005,31.225,5.2399779,57.2100221,49
Nursing and midwifery personnel (per 10k),Upper-middle-income countries,2005,43.67,18.0077634,69.3322366,53
Nursing and midwifery personnel (per 10k),High-income countries,2006,76.49,42.05138725,110.9286127,63
Nursing and midwifery personnel (per 10k),Low-income countries,2006,5.74,-20.4945261,31.9745261,25
Nursing and midwifery personnel (per 10k),Lower-middle-income countries,2006,30.83,5.111281784,56.54871822,49
Nursing and midwifery personnel (per 10k),Upper-middle-income countries,2006,45.85,23.19359831,68.50640169,53
Nursing and midwifery personnel (per 10k),High-income countries,2007,67.02,32.56179987,101.4782001,63
Nursing and midwifery personnel (per 10k),Low-income countries,2007,6.165,-23.32310754,35.65310754,25
Nursing and midwifery personnel (per 10k),Lower-middle-income countries,2007,19.85,0.258063052,39.44193695,49
Nursing and midwifery personnel (per 10k),Upper-middle-income countries,2007,46.98,19.16921024,74.79078976,53
Nursing and midwifery personnel (per 10k),High-income countries,2008,66.785,32.5637252,101.0062748,63
Nursing and midwifery personnel (per 10k),Low-income countries,2008,5.8,-17.66789374,29.26789374,25
Nursing and midwifery personnel (per 10k),Lower-middle-income countries,2008,16.82,-2.836918925,36.47691892,49
Nursing and midwifery personnel (per 10k),Upper-middle-income countries,2008,47.31,19.95105823,74.66894177,53
Nursing and midwifery personnel (per 10k),High-income countries,2009,64.02,28.96393445,99.07606555,63
Nursing and midwifery personnel (per 10k),Low-income countries,2009,6.715,-3.719535565,17.14953557,25
Nursing and midwifery personnel (per 10k),Lower-middle-income countries,2009,16.34,-7.926841703,40.6068417,49
Nursing and midwifery personnel (per 10k),Upper-middle-income countries,2009,41.59,12.73365961,70.44634039,53
Nursing and midwifery personnel (per 10k),High-income countries,2010,67.14,32.3517773,101.9282227,63
Nursing and midwifery personnel (per 10k),Low-income countries,2010,5.855,-8.510036538,20.22003654,25
Nursing and midwifery personnel (per 10k),Lower-middle-income countries,2010,12.875,-10.99127128,36.74127128,49
Nursing and midwifery personnel (per 10k),Upper-middle-income countries,2010,37.81,11.31385334,64.30614666,53
Nursing and midwifery personnel (per 10k),High-income countries,2011,69.025,30.88169315,107.1683069,63
Nursing and midwifery personnel (per 10k),Low-income countries,2011,6.15,-7.194763514,19.49476351,25
Nursing and midwifery personnel (per 10k),Lower-middle-income countries,2011,17.64,-8.892011451,44.17201145,49
Nursing and midwifery personnel (per 10k),Upper-middle-income countries,2011,31.445,4.392968729,58.49703127,53
Nursing and midwifery personnel (per 10k),High-income countries,2012,82.02,43.43552215,120.6044778,63
Nursing and midwifery personnel (per 10k),Low-income countries,2012,7.795,-5.440490613,21.03049061,25
Nursing and midwifery personnel (per 10k),Lower-middle-income countries,2012,17.93,-9.952704109,45.81270411,49
Nursing and midwifery personnel (per 10k),Upper-middle-income countries,2012,37.26,13.2693016,61.2506984,53
Nursing and midwifery personnel (per 10k),High-income countries,2013,74.08,34.18967796,113.970322,63
Nursing and midwifery personnel (per 10k),Low-income countries,2013,6.33,-3.378675598,16.0386756,25
Nursing and midwifery personnel (per 10k),Lower-middle-income countries,2013,15.79,-10.05886988,41.63886988,49
Nursing and midwifery personnel (per 10k),Upper-middle-income countries,2013,36.61,11.99606757,61.22393243,53
Nursing and midwifery personnel (per 10k),High-income countries,2014,70.36,31.29907117,109.4209288,63
Nursing and midwifery personnel (per 10k),Low-income countries,2014,5.48,0.210619176,10.74938082,25
Nursing and midwifery personnel (per 10k),Lower-middle-income countries,2014,13.53,-9.590685899,36.6506859,49
Nursing and midwifery personnel (per 10k),Upper-middle-income countries,2014,33.39,8.037144115,58.74285588,53
Nursing and midwifery personnel (per 10k),High-income countries,2015,65.31,30.27233297,100.347667,63
Nursing and midwifery personnel (per 10k),Low-income countries,2015,6.295,1.522262316,11.06773768,25
Nursing and midwifery personnel (per 10k),Lower-middle-income countries,2015,14.45,-7.258579677,36.15857968,49
Nursing and midwifery personnel (per 10k),Upper-middle-income countries,2015,31.96,4.682845631,59.23715437,53
Nursing and midwifery personnel (per 10k),High-income countries,2016,70.165,35.55343476,104.7765652,63
Nursing and midwifery personnel (per 10k),Low-income countries,2016,4.89,0.039390426,9.740609574,25
Nursing and midwifery personnel (per 10k),Lower-middle-income countries,2016,15.9,-6.489865739,38.28986574,49
Nursing and midwifery personnel (per 10k),Upper-middle-income countries,2016,34.175,7.826327061,60.52367294,53
Nursing and midwifery personnel (per 10k),High-income countries,2017,69.31,33.73253603,104.887464,63
Nursing and midwifery personnel (per 10k),Low-income countries,2017,8.07,-5.363564954,21.50356495,25
Nursing and midwifery personnel (per 10k),Lower-middle-income countries,2017,15.925,-6.422133502,38.2721335,49
Nursing and midwifery personnel (per 10k),Upper-middle-income countries,2017,31.24,6.296039799,56.1839602,53
Nursing and midwifery personnel (per 10k),High-income countries,2018,71.53,35.80440914,107.2555909,63
Nursing and midwifery personnel (per 10k),Low-income countries,2018,5.56,-4.779230258,15.89923026,25
Nursing and midwifery personnel (per 10k),Lower-middle-income countries,2018,16.79,-3.41233098,36.99233098,49
Nursing and midwifery personnel (per 10k),Upper-middle-income countries,2018,33.25,9.589939,56.910061,53
Nursing and midwifery personnel (per 10k),High-income countries,2019,73.98,36.78375677,111.1762432,63
Nursing and midwifery personnel (per 10k),Low-income countries,2019,8.82,-6.911647797,24.5516478,25
Nursing and midwifery personnel (per 10k),Lower-middle-income countries,2019,15.695,-6.378125784,37.76812578,49
Nursing and midwifery personnel (per 10k),Upper-middle-income countries,2019,37.75,17.24422161,58.25577839,53
Nursing and midwifery personnel (per 10k),High-income countries,2020,77.45,38.82548725,116.0745127,63
Nursing and midwifery personnel (per 10k),Low-income countries,2020,7.06,2.928800128,11.19119987,25
Nursing and midwifery personnel (per 10k),Lower-middle-income countries,2020,19.73,-2.107634339,41.56763434,49
Nursing and midwifery personnel (per 10k),Upper-middle-income countries,2020,39.42,18.63381746,60.20618254,53
Nursing and midwifery personnel (per 10k),High-income countries,2021,80.28,43.87129352,116.6887065,63
Nursing and midwifery personnel (per 10k),Low-income countries,2021,8.29,3.3824536,13.1975464,25
Nursing and midwifery personnel (per 10k),Lower-middle-income countries,2021,18.73,-4.199464568,41.65946457,49
Nursing and midwifery personnel (per 10k),Upper-middle-income countries,2021,44.94,22.19746601,67.68253399,53
Nursing and midwifery personnel (per 10k),High-income countries,2022,79.99,43.4134394,116.5665606,63
Nursing and midwifery personnel (per 10k),Low-income countries,2022,8.37,3.437882535,13.30211746,25
Nursing and midwifery personnel (per 10k),Lower-middle-income countries,2022,16.97,-5.345223706,39.28522371,49
Nursing and midwifery personnel (per 10k),Upper-middle-income countries,2022,42.465,19.88790851,65.04209149,53
Nursing and midwifery personnel (per 10k),High-income countries,2023,77.075,40.62022833,113.5297717,63
Nursing and midwifery personnel (per 10k),Low-income countries,2023,5.66,0.111224502,11.2087755,25
Nursing and midwifery personnel (per 10k),Lower-middle-income countries,2023,18.57,-4.823514581,41.96351458,49
Nursing and midwifery personnel (per 10k),Upper-middle-income countries,2023,37.445,16.53395697,58.35604303,53
Nursing and midwifery personnel (per 10k),High-income countries,2024,86.07,45.29983091,126.8401691,63
Nursing and midwifery personnel (per 10k),Low-income countries,2024,7.06,-3.83001631,17.95001631,25
Nursing and midwifery personnel (per 10k),Lower-middle-income countries,2024,13.77,-1.215418414,28.75541841,49
Nursing and midwifery personnel (per 10k),Upper-middle-income countries,2024,40.92,17.46938822,64.37061178,53
Community Health Workers (per 10k),Low-income countries,2000,0.351435355,-4.648564645,5.351435355,24
Community Health Workers (per 10k),Lower-middle-income countries,2000,7.177346475,2.63104803,11.72364492,37
Community Health Workers (per 10k),Upper-middle-income countries,2000,5.876361326,3.487768144,8.264954507,27
Community Health Workers (per 10k),Low-income countries,2001,0.355934426,-4.644065574,5.355934426,24
Community Health Workers (per 10k),Lower-middle-income countries,2001,8.377934665,3.377934665,13.37793466,37
Community Health Workers (per 10k),Upper-middle-income countries,2001,4.794821359,1.314789094,8.274853624,27
Community Health Workers (per 10k),Upper-middle-income countries,2002,4.545624428,3.987195346,5.10405351,27
Community Health Workers (per 10k),Low-income countries,2003,2.215457427,1.655325636,2.775589217,24
Community Health Workers (per 10k),Lower-middle-income countries,2003,6.703486964,1.703486964,11.70348696,37
Community Health Workers (per 10k),Upper-middle-income countries,2003,4.882460535,2.810689943,6.954231127,27
Community Health Workers (per 10k),Low-income countries,2004,1.360191439,-3.498645206,6.219028084,24
Community Health Workers (per 10k),Lower-middle-income countries,2004,11.9339741,-3.259064873,27.12701307,37
Community Health Workers (per 10k),Upper-middle-income countries,2004,3.422511234,0.517511549,6.327510919,27
Community Health Workers (per 10k),Low-income countries,2005,2.637015496,-21.26536053,26.53939153,24
Community Health Workers (per 10k),Lower-middle-income countries,2005,6.996282562,1.996282562,11.99628256,37
Community Health Workers (per 10k),Upper-middle-income countries,2005,6.414412786,4.414588384,8.414237189,27
Community Health Workers (per 10k),High-income countries,2006,0.491487218,-4.508512782,5.491487218,18
Community Health Workers (per 10k),Low-income countries,2006,0.656480223,-4.343519777,5.656480223,24
Community Health Workers (per 10k),Lower-middle-income countries,2006,7.264186279,2.264186279,12.26418628,37
Community Health Workers (per 10k),Upper-middle-income countries,2006,6.222767368,4.363274549,8.082260187,27
Community Health Workers (per 10k),Low-income countries,2007,1.690688135,-0.976620259,4.35799653,24
Community Health Workers (per 10k),Lower-middle-income countries,2007,6.637802668,2.264278685,11.01132665,37
Community Health Workers (per 10k),Upper-middle-income countries,2007,4.689875321,1.579604643,7.800145998,27
Community Health Workers (per 10k),Low-income countries,2008,2.889106464,0.468349419,5.309863509,24
Community Health Workers (per 10k),Lower-middle-income countries,2008,3.210453334,0.109437673,6.311468995,37
Community Health Workers (per 10k),Upper-middle-income countries,2008,2.667270318,1.794284663,3.540255974,27
Community Health Workers (per 10k),Low-income countries,2009,3.516740098,1.647821307,5.385658888,24
Community Health Workers (per 10k),Lower-middle-income countries,2009,4.155816971,-1.152992088,9.464626029,37
Community Health Workers (per 10k),Upper-middle-income countries,2009,2.439125919,0.168979057,4.709272781,27
Community Health Workers (per 10k),Low-income countries,2010,0.951817238,-2.940693542,4.844328019,24
Community Health Workers (per 10k),Lower-middle-income countries,2010,4.882350741,-3.613166383,13.37786786,37
Community Health Workers (per 10k),Upper-middle-income countries,2010,8.078529878,0.751838572,15.40522118,27
Community Health Workers (per 10k),High-income countries,2011,0.234047882,-4.765952118,5.234047882,18
Community Health Workers (per 10k),Low-income countries,2011,0.886139248,-0.929605128,2.701883624,24
Community Health Workers (per 10k),Lower-middle-income countries,2011,0.619447534,-2.825348564,4.064243632,37
Community Health Workers (per 10k),Upper-middle-income countries,2011,4.103735291,0.586795547,7.620675035,27
Community Health Workers (per 10k),High-income countries,2012,1.198932821,-3.801067179,6.198932821,18
Community Health Workers (per 10k),Low-income countries,2012,0.951967198,-1.052140151,2.956074546,24
Community Health Workers (per 10k),Lower-middle-income countries,2012,4.249892852,-1.135767867,9.635553571,37
Community Health Workers (per 10k),Upper-middle-income countries,2012,4.078303426,0.687000637,7.469606215,27
Community Health Workers (per 10k),High-income countries,2013,0.807791641,-0.07321133,1.688794612,18
Community Health Workers (per 10k),Low-income countries,2013,2.011371862,-0.15345547,4.176199193,24
Community Health Workers (per 10k),Lower-middle-income countries,2013,1.932725735,0.985844059,2.879607411,37
Community Health Workers (per 10k),Upper-middle-income countries,2013,3.788579635,1.002437103,6.574722167,27
Community Health Workers (per 10k),High-income countries,2014,1.481823627,-3.518176373,6.481823627,18
Community Health Workers (per 10k),Upper-middle-income countries,2014,7.624053446,2.742240782,12.50586611,27
Community Health Workers (per 10k),High-income countries,2015,8.482778575,-1.426574641,18.39213179,18
Community Health Workers (per 10k),Low-income countries,2015,7.778313617,-15.9182224,31.47484963,24
Community Health Workers (per 10k),Lower-middle-income countries,2015,0.606120523,0.392804592,0.819436454,37
Community Health Workers (per 10k),Upper-middle-income countries,2015,1.854740556,-1.38801016,5.097491272,27
Community Health Workers (per 10k),High-income countries,2016,0.971027766,0.114551757,1.827503775,18
Community Health Workers (per 10k),Low-income countries,2016,8.236165742,0.383677317,16.08865417,24
Community Health Workers (per 10k),Lower-middle-income countries,2016,7.558130887,3.384907512,11.73135426,37
Community Health Workers (per 10k),Upper-middle-income countries,2016,3.178027552,1.009419675,5.346635428,27
Community Health Workers (per 10k),High-income countries,2017,0.392807092,-0.380271978,1.165886162,18
Community Health Workers (per 10k),Low-income countries,2017,5.373081163,0.332306666,10.41385566,24
Community Health Workers (per 10k),Lower-middle-income countries,2017,2.697015124,-0.772827004,6.166857252,37
Community Health Workers (per 10k),Upper-middle-income countries,2017,14.09302761,3.86133494,24.32472028,27
Community Health Workers (per 10k),High-income countries,2018,0.953838962,0.165116315,1.742561609,18
Community Health Workers (per 10k),Low-income countries,2018,6.664815973,-2.362098843,15.69173079,24
Community Health Workers (per 10k),Lower-middle-income countries,2018,5.491188007,-13.59511879,24.57749481,37
Community Health Workers (per 10k),Upper-middle-income countries,2018,6.392475519,-47.77587462,60.56082566,27
Community Health Workers (per 10k),High-income countries,2019,1.257297708,-0.823646114,3.33824153,18
Community Health Workers (per 10k),Low-income countries,2019,13.58561273,-2.815908798,29.98713426,24
Community Health Workers (per 10k),Lower-middle-income countries,2019,4.716404826,-3.270866958,12.70367661,37
Community Health Workers (per 10k),Upper-middle-income countries,2019,3.644565522,-0.384701101,7.673832144,27
Community Health Workers (per 10k),High-income countries,2020,1.060042257,-1.692757932,3.812842447,18
Community Health Workers (per 10k),Low-income countries,2020,8.777181074,-3.063483126,20.61784527,24
Community Health Workers (per 10k),Lower-middle-income countries,2020,8.565683063,-5.251832882,22.38319901,37
Community Health Workers (per 10k),Upper-middle-income countries,2020,1.270231159,-0.939205647,3.479667965,27
Community Health Workers (per 10k),High-income countries,2021,1.498564487,1.081377618,1.915751355,18
Community Health Workers (per 10k),Low-income countries,2021,6.069362708,-8.54817319,20.68689861,24
Community Health Workers (per 10k),Lower-middle-income countries,2021,3.877941292,-1.656532252,9.412414837,37
Community Health Workers (per 10k),Upper-middle-income countries,2021,4.180927194,2.589333492,5.772520895,27
Community Health Workers (per 10k),High-income countries,2022,0.800827714,-1.378206777,2.979862205,18
Community Health Workers (per 10k),Low-income countries,2022,4.800718663,-4.529686758,14.13112408,24
Community Health Workers (per 10k),Lower-middle-income countries,2022,4.772369441,-11.73292051,21.2776594,37
Community Health Workers (per 10k),Upper-middle-income countries,2022,4.870774018,-0.474127278,10.21567531,27
Community Health Workers (per 10k),High-income countries,2023,0.324103198,-2.442088082,3.090294478,18
Community Health Workers (per 10k),Low-income countries,2023,3.479400905,-1.043710448,8.002512257,24
Community Health Workers (per 10k),Lower-middle-income countries,2023,6.033565616,-3.619652065,15.6867833,37
Community Health Workers (per 10k),Upper-middle-income countries,2023,4.285368425,-2.245909464,10.81664631,27
Community Health Workers (per 10k),High-income countries,2024,0.213060275,-3.335632296,3.761752847,18
Community Health Workers (per 10k),Low-income countries,2024,5.4987898,-8.390233584,19.38781318,24
Community Health Workers (per 10k),Lower-middle-income countries,2024,7.334667284,-2.358123326,17.0274579,37
Community Health Workers (per 10k),Upper-middle-income countries,2024,6.443317475,-0.125291689,13.01192664,27